{
    "algorithm_type": "regression",
    "commit": "bb711f54",
    "compilation_date": "2025-05-05T23:34:26.499642",
    "compilation_flags": {
        "float_abi": "hard",
        "fshort_enums": true,
        "short_wchar": false
    },
    "compilation_str": "{'compilation_dict':{'request_type':'library','api':{'env':'PROD','version':'v3'},'version':{'web_api':{'env':'PROD','version':'v3'},'local_api':{'version':'2025.04.04.1','platform':'win64'},'studio':'5.0.2'},'compilation_flags':{'float_abi':'hard','short_wchar':false,'fshort_enums':true,'use_knowledge':false},'mcu':'cortex-m4_st_stm32h7_stm32h747i-disco','sensor':'multiGeneric','request_origin':'manual','algorithm_type':'regression','lib_version':'v2_bb711f5','info':{'progression':{'evals_done':2260,'optimization_progress':0.0113,'elapsed_time':120,'cpu_info':{'cpu_nb_cores':8,'cpu_nb_cores_for_optimization':6},'state':'paused'},'max_ram':512000,'max_flash':1024000,'optimization_global_id':'7754ed091b4f793638c093fe18478d5e','version':{'local_api':'2025.04.04.1','studio':'5.0.2'},'creation_date':'2025-05-05T23:30:05+00:00'},'class_names':'nominal','results':[{'result_id':50,'combination':[0,[22,20,19,1,18,2,23,3,4,9,8,10,0,15,16,17,12,14,13,5,26,21,25,6,24,7,11],27,0,41,7,1,4,1,0,1,0.03,0.0,0.0,1000000.0,2,0,0,0,0],'model':1,'performance':{'performance':{'score':0.9884,'precision':0.9922,'precision_confidence_interval':null},'memory_usage':{'estimated_ram':61,'estimated_flash':124,'estimated_flash_knowledge':null}},'learning_min_lines':null,'knowledge_dat':'eNpbrizk5vI7zSXudprLh7nxLuZ9dc6e65-4RHPVO_8-ZG05tzTBLrkpyW7CiTS7K1Jl9pPl79s2P4q2l6qOdGCQ37E7_5a8CwNDgz0EP3BggAAYDQQqTkA5JD5MuMQTAAYYIg8='}],'data':{'nb_cols':7,'nb_lines':[[{'file_type':'nominal','nb_lines':477}]]},'only_emulators':false,'lock_type':100},'sign':54020,'license_key':'***'}",
    "compile_emulators": true,
    "compile_library": true,
    "data": {
        "nb_cols": 7,
        "nb_lines": [
            [
                {
                    "file_type": "nominal",
                    "nb_lines": 477
                }
            ]
        ]
    },
    "gcc_version": "arm-none-eabi-gcc (Arm GNU Toolchain 13.2.rel1 (Build arm-13.7)) 13.2.1 20231009",
    "learning_min_lines": null,
    "lib_limited": false,
    "library_id": "68194b0379833d9c3f281b7b",
    "library_md5sum": "2eb02aa4ecae0b062f0fc091396b2223",
    "mcu": "cortex-m4_st_stm32h7_stm32h747i-disco",
    "mcu_cpn": "STM32H747I-DISCO",
    "mcu_display_name": "STM32H747I-DISCO - STMicroelectronics",
    "mcu_family": "STM32H7 Series",
    "mcu_group": "demo",
    "mcu_type": "cortex-m4",
    "mcu_vendor": "STMicroelectronics",
    "memory_usage": {
        "flash": 665,
        "ram": 57
    },
    "optimization_info": {
        "creation_date": "2025-05-05T23:30:05+00:00",
        "max_flash": 1024000,
        "max_ram": 512000,
        "optimization_global_id": "7754ed091b4f793638c093fe18478d5e",
        "progression": {
            "cpu_info": {
                "cpu_nb_cores": 8,
                "cpu_nb_cores_for_optimization": 6
            },
            "elapsed_time": 120,
            "evals_done": 2260,
            "optimization_progress": 0.0113,
            "state": "paused"
        },
        "version": {
            "local_api": "2025.04.04.1",
            "studio": "5.0.2"
        }
    },
    "performance": {
        "memory_usage": {
            "estimated_flash": 124,
            "estimated_flash_knowledge": null,
            "estimated_ram": 61
        },
        "performance": {
            "precision": 0.9922,
            "precision_confidence_interval": null,
            "score": 0.9884
        }
    },
    "request_type": "library",
    "sensor": "multiGeneric",
    "studio_info": {
        "local_api": {
            "platform": "win64",
            "version": "2025.04.04.1"
        },
        "studio": "5.0.2",
        "web_api": {
            "env": "PROD",
            "version": "v3"
        }
    },
    "user_info": {
        "company": "Luminous India",
        "email": "prathamjain3903@gmail.com",
        "first_name": "Pratham",
        "last_name": "Jain"
    }
}